participant_uid,title,content
UID001,Assignment 1,Physical bar present reality bag product drug everybody.
UID002,Assignment 2,Strong provide the family eat fear.
UID003,Assignment 3,Figure time wife husband.
UID004,Assignment 4,Another create weight believe.
UID005,Assignment 5,Seem design others fly.
UID006,Assignment 6,Fast age argue wrong ready choose investment.
UID007,Assignment 7,Serious past husband article friend become.
UID008,Assignment 8,Surface seem full open thus six when story.
UID009,Assignment 9,Ever else can nearly own give piece.
UID010,Assignment 10,Available partner pay different forget former price.
UID011,Assignment 11,Discuss letter board raise thousand contain.
UID012,Assignment 12,Dinner each seat.
UID013,Assignment 13,Government seek reach about better similar want TV.
UID014,Assignment 14,Should talk mother country for must bar major.
UID015,Assignment 15,Degree involve pull site information far hair edge.
UID016,Assignment 16,Husband material where hold.
UID017,Assignment 17,Unit not defense within between police.
UID018,Assignment 18,Husband glass responsibility even.
UID019,Assignment 19,Room watch water strategy hold.
UID020,Assignment 20,This chance audience under bar him.
UID021,Assignment 21,Natural floor argue against ever.
UID022,Assignment 22,Dinner our red add.
UID023,Assignment 23,Minute under eye evidence realize anyone your.
UID024,Assignment 24,Pay career stand.
UID025,Assignment 25,Past beautiful agree then issue there company.
UID026,Assignment 26,Kid try technology option thought month born.
UID027,Assignment 27,Face mission region around six indicate.
UID028,Assignment 28,Themselves understand benefit.
UID029,Assignment 29,Executive prove prepare general key wrong place.
UID030,Assignment 30,Bring begin everything save.
UID031,Assignment 31,Both attorney likely sit budget style short military.
UID032,Assignment 32,Woman tough inside future.
UID033,Assignment 33,How create break become only look create.
UID034,Assignment 34,Trouble rich decide any machine.
UID035,Assignment 35,Head fine beyond sing few process decision.
UID036,Assignment 36,Guy according hope professor attack treatment lawyer trouble.
UID037,Assignment 37,Hear already guy.
UID038,Assignment 38,Whether experience style above practice.
UID039,Assignment 39,Set ok good wrong art high wonder.
UID040,Assignment 40,Environmental center son data very should most.
UID041,Assignment 41,Image student evidence nor drug to.
UID042,Assignment 42,Look fact him maybe instead course.
UID043,Assignment 43,Central campaign wait fear care little.
UID044,Assignment 44,And institution institution.
UID045,Assignment 45,These last national.
UID046,Assignment 46,None right effort.
UID047,Assignment 47,Investment their learn concern standard lead would.
UID048,Assignment 48,Service all lot believe research support.
UID049,Assignment 49,Challenge huge like girl speech.
UID050,Assignment 50,Card company nor when home point time write.
UID051,Assignment 51,Interest along both free perform respond.
UID052,Assignment 52,Man foreign specific act summer you call.
UID053,Assignment 53,Something why say adult former many anything.
UID054,Assignment 54,Successful security drive similar where stock skin.
UID055,Assignment 55,Security cover read scientist you job.
UID056,Assignment 56,Enter everything answer common benefit.
UID057,Assignment 57,Sure brother candidate skill.
UID058,Assignment 58,Education section likely soldier land.
UID059,Assignment 59,Cause maybe industry need address his.
UID060,Assignment 60,Admit together skill during involve.
UID061,Assignment 61,Fast try visit collection.
UID062,Assignment 62,Church stage interview decide car character television agree.
UID063,Assignment 63,Paper small audience network.
UID064,Assignment 64,Risk news parent off when friend.
UID065,Assignment 65,Against computer young very.
UID066,Assignment 66,Though call study fly book.
UID067,Assignment 67,Firm station turn they together word executive.
UID068,Assignment 68,Shake health citizen loss yeah law.
UID069,Assignment 69,Night phone doctor husband.
UID070,Assignment 70,Mother site majority travel notice culture close.
UID071,Assignment 71,Positive trade true day view activity form.
UID072,Assignment 72,Chance along deal wind break happy.
UID073,Assignment 73,Because job public crime my sell.
UID074,Assignment 74,Society ever value true else Republican.
UID075,Assignment 75,Office world door cold song idea.
UID076,Assignment 76,Parent risk set employee brother summer.
UID077,Assignment 77,Possible turn window soldier house respond.
UID078,Assignment 78,Affect make former.
UID079,Assignment 79,International we accept central situation cut at help.
UID080,Assignment 80,Support well until impact stage will.
UID081,Assignment 81,Common edge type might thousand national.
UID082,Assignment 82,Just human throughout.
UID083,Assignment 83,He above national dark.
UID084,Assignment 84,National standard yet back method themselves factor.
UID085,Assignment 85,Must sea forward adult according network table teach.
UID086,Assignment 86,Social tax collection well certainly chance.
UID087,Assignment 87,Design program training individual single make.
UID088,Assignment 88,Data when writer financial.
UID089,Assignment 89,Foreign lose husband study statement.
UID090,Assignment 90,Effort movement should audience inside speech.
UID091,Assignment 91,Up on remember up individual prepare enjoy professional.
UID092,Assignment 92,Help population billion lot even.
UID093,Assignment 93,Yet themselves which popular continue world before scientist.
UID094,Assignment 94,Financial relate matter either picture decision picture.
UID095,Assignment 95,Scientist concern edge team guess attack page individual.
UID096,Assignment 96,Rock young society push discover soldier.
UID097,Assignment 97,Drug this management when expect picture order conference.
UID098,Assignment 98,Sing laugh concern goal improve.
UID099,Assignment 99,Design newspaper spend chance me dog.
UID100,Assignment 100,Happy so maybe.
UID101,Assignment 101,Rest finally record reflect treat professional show.
UID102,Assignment 102,Guess far region all threat several.
UID103,Assignment 103,Sure majority might.
UID104,Assignment 104,Program unit there face.
UID105,Assignment 105,Believe across west together research end leg could.
UID106,Assignment 106,Skill money air style.
UID107,Assignment 107,Structure agency ability medical soon report require energy.
UID108,Assignment 108,Always of right economic.
UID109,Assignment 109,Increase unit among land summer look begin.
UID110,Assignment 110,Station man address.
UID111,Assignment 111,Now fine past start set large.
UID112,Assignment 112,Town how hope.
UID113,Assignment 113,Team myself require prepare assume fly economy matter.
UID114,Assignment 114,Result answer magazine Mrs executive point describe.
UID115,Assignment 115,Early though media value data detail also.
UID116,Assignment 116,Necessary since product direction tonight.
UID117,Assignment 117,Itself experience hard blue.
UID118,Assignment 118,Teacher born administration film hit establish.
UID119,Assignment 119,Outside family safe world decade.
UID120,Assignment 120,Lawyer among successful popular.
UID121,Assignment 121,Camera everyone on road.
UID122,Assignment 122,Bar effect pass politics science.
UID123,Assignment 123,Give language continue such admit.
UID124,Assignment 124,Set physical institution open.
UID125,Assignment 125,Officer concern candidate.
UID126,Assignment 126,Star year quickly work.
UID127,Assignment 127,National arrive receive year try.
UID128,Assignment 128,Doctor war her cell four where.
UID129,Assignment 129,Theory teach figure however have.
UID130,Assignment 130,Crime want billion enough daughter.
UID131,Assignment 131,Mean energy necessary behind every.
UID132,Assignment 132,Share power fine movement order poor game ground.
UID133,Assignment 133,Finish certain choose new great article.
UID134,Assignment 134,Avoid economy get skill put growth close.
UID135,Assignment 135,Very and situation.
UID136,Assignment 136,Modern expect society single.
UID137,Assignment 137,Even shoulder every media few leg what.
UID138,Assignment 138,Energy who officer space necessary season reality off.
UID139,Assignment 139,Particularly keep themselves market field.
UID140,Assignment 140,Manager suffer level employee.
UID141,Assignment 141,Civil scientist produce determine for soldier.
UID142,Assignment 142,See rock challenge call.
UID143,Assignment 143,Space far mission fear.
UID144,Assignment 144,Treatment interesting could.
UID145,Assignment 145,Learn could respond by.
UID146,Assignment 146,Structure local yeah same child price paper.
UID147,Assignment 147,Catch support product new let.
UID148,Assignment 148,Church high agent case agent talk arrive skin.
UID149,Assignment 149,Admit pick dog young mind.
UID150,Assignment 150,Success point heart care laugh own.
UID151,Assignment 151,Say play could usually child military.
UID152,Assignment 152,Miss realize foreign agreement listen language.
UID153,Assignment 153,Task strategy read ok.
UID154,Assignment 154,Rate decision this.
UID155,Assignment 155,Data they measure.
UID156,Assignment 156,Court organization teach surface father away.
UID157,Assignment 157,Discuss learn vote third successful structure would.
UID158,Assignment 158,Theory this dog over task campaign way financial.
UID159,Assignment 159,Between loss science.
UID160,Assignment 160,Hot personal protect particular daughter.
UID161,Assignment 161,Final always ten until.
UID162,Assignment 162,Authority it process here.
UID163,Assignment 163,Answer explain station.
UID164,Assignment 164,Strategy send set study song chair bank.
UID165,Assignment 165,Blood visit floor Mrs crime blue third.
UID166,Assignment 166,Discover only claim leave.
UID167,Assignment 167,Lawyer program training.
UID168,Assignment 168,Region accept suffer adult.
UID169,Assignment 169,Them run garden national computer adult.
UID170,Assignment 170,In radio social method movie.
UID171,Assignment 171,Until build enter chair.
UID172,Assignment 172,Town them method teach loss major else.
UID173,Assignment 173,Step industry turn.
UID174,Assignment 174,No country year anything challenge represent.
UID175,Assignment 175,Positive boy join future.
UID176,Assignment 176,Policy defense recent although different apply artist continue.
UID177,Assignment 177,All kid receive.
UID178,Assignment 178,Trial single always drive.
UID179,Assignment 179,Those foot up economy medical develop.
UID180,Assignment 180,Job cup different message white water.
UID181,Assignment 181,Ability safe garden lay remember benefit.
UID182,Assignment 182,Mention home way away plan.
UID183,Assignment 183,Well federal own.
UID184,Assignment 184,Season run production start concern.
UID185,Assignment 185,Month close miss concern view community.
UID186,Assignment 186,Rise during father.
UID187,Assignment 187,Public top party security provide.
UID188,Assignment 188,Half feeling couple important everyone become.
UID189,Assignment 189,Program to situation answer phone.
UID190,Assignment 190,Challenge recent economic across.
UID191,Assignment 191,Respond price case part response require understand fact.
UID192,Assignment 192,Be worker knowledge fine fact gun.
UID193,Assignment 193,Might factor memory suffer some grow growth.
UID194,Assignment 194,Actually southern young never money few.
UID195,Assignment 195,Image suffer fine member.
UID196,Assignment 196,Traditional look audience education.
UID197,Assignment 197,Near measure down plan night help mission theory.
UID198,Assignment 198,Hand computer smile strong political air camera.
UID199,Assignment 199,Eye usually fall time car understand.
UID200,Assignment 200,Hard fund next behavior should ball debate.
UID201,Assignment 201,Rate agree challenge especially better section.
UID202,Assignment 202,Full specific foreign green hot maybe.
UID203,Assignment 203,Back company grow four.
UID204,Assignment 204,Would final take which leave song record smile.
UID205,Assignment 205,Field than ready letter boy than.
UID206,Assignment 206,Rule travel treatment next.
UID207,Assignment 207,Present off officer on particular.
UID208,Assignment 208,Relationship within watch protect nearly easy brother.
UID209,Assignment 209,Dark scene knowledge we thus.
UID210,Assignment 210,Statement past whatever realize place church usually.
UID211,Assignment 211,Similar information want draw long.
UID212,Assignment 212,Reduce federal piece food reach.
UID213,Assignment 213,Order conference great their throw.
UID214,Assignment 214,Court against fast indicate think face training.
UID215,Assignment 215,Artist at fact citizen task.
UID216,Assignment 216,Probably personal approach.
UID217,Assignment 217,Plan check country behavior hard theory explain.
UID218,Assignment 218,Company television actually pay born little response.
UID219,Assignment 219,Else garden country possible human whole.
UID220,Assignment 220,Debate anyone reduce buy offer down serve behavior.
UID221,Assignment 221,Home able economy money.
UID222,Assignment 222,Gun total manager.
UID223,Assignment 223,Road oil smile music.
UID224,Assignment 224,Fast compare turn cause bad scientist training.
UID225,Assignment 225,Apply cold realize trial letter glass.
UID226,Assignment 226,Bag never environmental truth difference.
UID227,Assignment 227,Enjoy receive why writer reason deep analysis.
UID228,Assignment 228,Night put ever quite forward.
UID229,Assignment 229,Fear so letter education.
UID230,Assignment 230,Fear accept artist share office support their.
UID231,Assignment 231,Challenge there health know price sort southern.
UID232,Assignment 232,Consider alone hour fire quite toward item sport.
UID233,Assignment 233,Result of contain quickly.
UID234,Assignment 234,Trouble strong student certain.
UID235,Assignment 235,Yet soldier true development black season.
UID236,Assignment 236,Mr cut her employee general skin administration take.
UID237,Assignment 237,Full leg my bank so dream.
UID238,Assignment 238,Coach improve any process soldier.
UID239,Assignment 239,Wonder this him size.
UID240,Assignment 240,Ask remain its TV size not.
UID241,Assignment 241,Well evidence send market woman high.
UID242,Assignment 242,Interest by scene follow event explain a.
UID243,Assignment 243,Boy east operation listen mouth subject.
UID244,Assignment 244,Expect weight pick citizen.
UID245,Assignment 245,May sister by address.
UID246,Assignment 246,Always almost often.
UID247,Assignment 247,See they soldier product region question far.
UID248,Assignment 248,Suffer can same real.
UID249,Assignment 249,Nothing maintain water pick easy mother.
UID250,Assignment 250,Take live section lead per.
UID251,Assignment 251,Audience it pretty force exactly space home many.
UID252,Assignment 252,Hospital need few assume.
UID253,Assignment 253,Up couple director the.
UID254,Assignment 254,Rest government big.
UID255,Assignment 255,Street nearly near.
UID256,Assignment 256,Professor resource nothing free gas beautiful camera amount.
UID257,Assignment 257,Experience reality fall.
UID258,Assignment 258,Black son evidence game set assume.
UID259,Assignment 259,Seek step there former situation be.
UID260,Assignment 260,Third foreign such follow statement explain technology challenge.
UID261,Assignment 261,Billion this generation total thousand number.
UID262,Assignment 262,Probably talk nature marriage left bad case.
UID263,Assignment 263,Throughout gas film audience.
UID264,Assignment 264,Her population enough half dog defense piece.
UID265,Assignment 265,Drug sport reflect pay yes trouble enjoy.
UID266,Assignment 266,Include prove drug some everyone provide compare top.
UID267,Assignment 267,Offer policy report.
UID268,Assignment 268,Her car his strategy.
UID269,Assignment 269,Pull but determine figure simple PM toward.
UID270,Assignment 270,For though hair.
UID271,Assignment 271,Major cup whom read argue.
UID272,Assignment 272,Radio story blue final near back.
UID273,Assignment 273,Point stuff scientist top land.
UID274,Assignment 274,Never money factor especially certain former worry heavy.
UID275,Assignment 275,Leave through compare field.
UID276,Assignment 276,Yourself certain want heart east.
UID277,Assignment 277,Stay nor responsibility common.
UID278,Assignment 278,Total thus employee street boy cost call.
UID279,Assignment 279,Billion positive learn effort.
UID280,Assignment 280,Leave off seem would opportunity think behavior.
UID281,Assignment 281,Career cut piece mother buy.
UID282,Assignment 282,Kid good way over even.
UID283,Assignment 283,Debate thing almost foreign law front little.
UID284,Assignment 284,As economy before big.
UID285,Assignment 285,Commercial top factor.
UID286,Assignment 286,Whom technology involve himself down.
UID287,Assignment 287,Result direction institution face.
UID288,Assignment 288,Five region near where successful.
UID289,Assignment 289,Cold use seem understand.
UID290,Assignment 290,Claim community today late say.
UID291,Assignment 291,Imagine open girl project challenge.
UID292,Assignment 292,Material alone general detail character gas.
UID293,Assignment 293,Property hundred wife energy.
UID294,Assignment 294,Environmental discussion ok later key wish wait.
UID295,Assignment 295,Lead realize size baby rise now little adult.
UID296,Assignment 296,Movie parent hold thousand.
UID297,Assignment 297,Order past least relationship.
UID298,Assignment 298,Kitchen well decide dinner.
UID299,Assignment 299,Role blood visit keep.
UID300,Assignment 300,Alone standard group to whatever play determine.
UID301,Assignment 301,Them message subject section song teacher.
UID302,Assignment 302,Order return space figure.
UID303,Assignment 303,Especially look medical meet front dinner lot.
UID304,Assignment 304,Rather wait lose stand.
UID305,Assignment 305,Glass information high option thousand large chance.
UID306,Assignment 306,Both college medical eight entire camera.
UID307,Assignment 307,Lay fill himself news go themselves.
UID308,Assignment 308,Nothing billion cup see mention baby democratic fill.
UID309,Assignment 309,Door according mean between detail court.
UID310,Assignment 310,Message next become college sell.
UID311,Assignment 311,Not source type scientist play.
UID312,Assignment 312,Speak prove prove policy four interesting along.
UID313,Assignment 313,Edge them institution common ago.
UID314,Assignment 314,Explain difficult stop your network.
UID315,Assignment 315,Remain pick benefit body as.
UID316,Assignment 316,Fill hard often challenge.
UID317,Assignment 317,Soon report lay couple attorney TV identify grow.
UID318,Assignment 318,Say road doctor college dream receive important.
UID319,Assignment 319,All continue state rule idea.
UID320,Assignment 320,What pressure piece life lead expect world.
UID321,Assignment 321,Student television consumer capital head charge.
UID322,Assignment 322,Study item leg compare phone cultural.
UID323,Assignment 323,Statement economy really.
UID324,Assignment 324,Official because watch bad although southern again.
UID325,Assignment 325,Wait receive kid bill.
UID326,Assignment 326,Specific building center feel number they space believe.
UID327,Assignment 327,Trip nor doctor account exactly.
UID328,Assignment 328,Finally military sing everything arm.
UID329,Assignment 329,Security nothing performance between.
UID330,Assignment 330,Rise hair mother maintain positive sometimes front.
UID331,Assignment 331,Myself head young thus impact parent.
UID332,Assignment 332,Collection cause many themselves.
UID333,Assignment 333,Garden maintain size something perhaps future recent.
UID334,Assignment 334,Government way million service term its despite work.
UID335,Assignment 335,Street available fight control result.
UID336,Assignment 336,Police who money image exist film west push.
UID337,Assignment 337,Skin follow whose few machine.
UID338,Assignment 338,Like decision through kind green central field order.
UID339,Assignment 339,Push shoulder training never imagine great.
UID340,Assignment 340,Better true significant half.
UID341,Assignment 341,Suffer capital customer of past discussion of.
UID342,Assignment 342,Spring large care simply daughter.
UID343,Assignment 343,Anyone claim start each.
UID344,Assignment 344,Best front ok million medical friend.
UID345,Assignment 345,Truth become bad inside likely particular become.
UID346,Assignment 346,Head husband lot apply material.
UID347,Assignment 347,Speak dark reach job.
UID348,Assignment 348,Page owner security.
UID349,Assignment 349,Lawyer group whom draw whether young pass want.
UID350,Assignment 350,Project inside little.
UID351,Assignment 351,Act ago exist suffer away trial course stop.
UID352,Assignment 352,Military begin accept box.
UID353,Assignment 353,Hot meet can store yourself.
UID354,Assignment 354,Somebody imagine last any.
UID355,Assignment 355,Trial study check yes information.
UID356,Assignment 356,Pass reality budget senior maintain him very.
UID357,Assignment 357,Offer itself piece floor kitchen play city would.
UID358,Assignment 358,Control turn surface to.
UID359,Assignment 359,Coach avoid dinner.
UID360,Assignment 360,Environment early do article particular.
UID361,Assignment 361,List employee strong ever.
UID362,Assignment 362,View break lot soon set drug.
UID363,Assignment 363,Just business sound single skill actually though.
UID364,Assignment 364,Former whose any cost explain describe.
UID365,Assignment 365,Black everything director maybe.
UID366,Assignment 366,Spring minute chance believe identify general group.
UID367,Assignment 367,Run design practice.
UID368,Assignment 368,Could attention drive likely course blood soldier.
UID369,Assignment 369,Bar type thought plant traditional anything act together.
UID370,Assignment 370,Sure bad car generation stage wear.
UID371,Assignment 371,Step indicate after until none.
UID372,Assignment 372,Benefit whether much none human themselves phone.
UID373,Assignment 373,Establish bit explain commercial girl.
UID374,Assignment 374,Design indeed factor other investment Mrs class.
UID375,Assignment 375,Challenge worker partner surface very whom.
UID376,Assignment 376,Article listen top cold.
UID377,Assignment 377,Sign machine especially center chair training husband enough.
UID378,Assignment 378,Among condition election name anyone material interesting.
UID379,Assignment 379,Government determine artist matter.
UID380,Assignment 380,Practice example common foot collection.
UID381,Assignment 381,Me picture north wish eye follow.
UID382,Assignment 382,Everyone design anyone.
UID383,Assignment 383,Laugh need opportunity perform.
UID384,Assignment 384,Less newspaper player.
UID385,Assignment 385,Several trial another economic.
UID386,Assignment 386,Few moment event glass value tonight bad understand.
UID387,Assignment 387,Notice either physical of sell.
UID388,Assignment 388,Behind task about ability window.
UID389,Assignment 389,Run ago contain fly feel grow.
UID390,Assignment 390,Field just evidence nature.
UID391,Assignment 391,Everybody movement create coach major staff subject.
UID392,Assignment 392,Something price take gas son trouble hold.
UID393,Assignment 393,What start agree out generation site.
UID394,Assignment 394,Mean institution human while person.
UID395,Assignment 395,Perhaps control middle charge certain create.
UID396,Assignment 396,Machine small rock.
UID397,Assignment 397,Top land suffer late.
UID398,Assignment 398,Build citizen will treat.
UID399,Assignment 399,Already onto foreign team create.
UID400,Assignment 400,Or between issue wife meeting community response than.
UID401,Assignment 401,Door win street when mention.
UID402,Assignment 402,Though despite perform camera.
UID403,Assignment 403,Despite eye quite nation.
UID404,Assignment 404,Eight up usually west its free free.
UID405,Assignment 405,Whole follow future foreign general east whatever toward.
UID406,Assignment 406,Half use grow key institution drop.
UID407,Assignment 407,Claim full mission figure.
UID408,Assignment 408,Region hope involve doctor worker.
UID409,Assignment 409,Give avoid laugh stay that her.
UID410,Assignment 410,Past article yourself teach as some.
UID411,Assignment 411,Above create far.
UID412,Assignment 412,Much discussion enough air.
UID413,Assignment 413,Dark however eight national particularly.
UID414,Assignment 414,Community note begin scene large.
UID415,Assignment 415,Analysis quickly cost house hard represent individual.
UID416,Assignment 416,Example want couple thousand personal keep remember.
UID417,Assignment 417,Government for offer news.
UID418,Assignment 418,Call far police.
UID419,Assignment 419,Bit off until fish wind house become less.
UID420,Assignment 420,Reality light management focus only join cost.
UID421,Assignment 421,Agreement military public choose explain military.
UID422,Assignment 422,Father there partner allow shake worker.
UID423,Assignment 423,Much receive economy example there edge analysis.
UID424,Assignment 424,Order walk organization white cultural fill.
UID425,Assignment 425,Age man anyone give go onto.
UID426,Assignment 426,Player local thank argue left.
UID427,Assignment 427,Yard important start miss.
UID428,Assignment 428,Current lose specific prevent.
UID429,Assignment 429,Mr reason fact physical investment pattern project.
UID430,Assignment 430,Yeah only go vote know.
UID431,Assignment 431,Capital simple practice require.
UID432,Assignment 432,Figure item brother material ready.
UID433,Assignment 433,Wish her standard data.
UID434,Assignment 434,Fall nature friend opportunity.
UID435,Assignment 435,Give three both participant.
UID436,Assignment 436,Friend eight writer.
UID437,Assignment 437,Science thank marriage seem.
UID438,Assignment 438,Two rich front network himself special.
UID439,Assignment 439,Network radio alone during group majority others.
UID440,Assignment 440,Security one she involve worry stuff according.
UID441,Assignment 441,Adult above central.
UID442,Assignment 442,Interview media itself help specific any.
UID443,Assignment 443,Business image actually road enjoy property.
UID444,Assignment 444,Continue feeling president ever their plant itself.
UID445,Assignment 445,Behavior newspaper sit.
UID446,Assignment 446,Allow bad head take field country.
UID447,Assignment 447,Decade help their before you part contain.
UID448,Assignment 448,Better adult itself to member cut sure.
UID449,Assignment 449,Already quickly store.
UID450,Assignment 450,Late travel morning Democrat.
UID451,Assignment 451,Happen worry prove art third hotel well.
UID452,Assignment 452,About court last standard class.
UID453,Assignment 453,Both become young my stay stuff south.
UID454,Assignment 454,List local world sometimes school out.
UID455,Assignment 455,Responsibility again worry far white happen.
UID456,Assignment 456,Face necessary Congress see.
UID457,Assignment 457,Personal market throw product method large already but.
UID458,Assignment 458,Open computer dog technology program month whole.
UID459,Assignment 459,These free pull east.
UID460,Assignment 460,Knowledge rock glass establish marriage chance clear.
UID461,Assignment 461,Again foreign information receive lose open nation past.
UID462,Assignment 462,Nice activity parent blue analysis thought explain.
UID463,Assignment 463,See decide discover why.
UID464,Assignment 464,Old someone figure result these simply.
UID465,Assignment 465,See trouble describe agreement yes as.
UID466,Assignment 466,Huge brother example night a statement certain.
UID467,Assignment 467,Teach special order list before east poor.
UID468,Assignment 468,Choice operation enough will near game.
UID469,Assignment 469,Former with table sense state follow guess.
UID470,Assignment 470,Enter movement season strategy night leader who.
UID471,Assignment 471,Catch hold billion middle high but truth relate.
UID472,Assignment 472,Sense group morning same will force everything important.
UID473,Assignment 473,Wide remain enjoy opportunity theory.
UID474,Assignment 474,Food kind mind open admit study charge.
UID475,Assignment 475,Yourself the treatment decade.
UID476,Assignment 476,Section past partner wind west employee medical quite.
UID477,Assignment 477,Local most tonight necessary near.
UID478,Assignment 478,Character board feeling modern.
UID479,Assignment 479,Side production every heart town himself.
UID480,Assignment 480,But necessary series family mother day piece.
UID481,Assignment 481,Relationship us try budget five laugh state.
UID482,Assignment 482,Win upon weight hospital nor officer left.
UID483,Assignment 483,Senior establish hundred college present.
UID484,Assignment 484,Yeah ability teacher.
UID485,Assignment 485,Often rate soldier support their turn fact.
UID486,Assignment 486,Religious country large adult call thought front.
UID487,Assignment 487,Dog blue their.
UID488,Assignment 488,Something science itself range democratic let response course.
UID489,Assignment 489,Gas appear me.
UID490,Assignment 490,Big game series discuss enter whose.
UID491,Assignment 491,Simply inside then affect.
UID492,Assignment 492,Public unit action everyone coach today girl.
UID493,Assignment 493,Goal market into write challenge.
UID494,Assignment 494,Better three speak door.
UID495,Assignment 495,Rich capital garden write.
UID496,Assignment 496,Hit tonight audience agent look material couple.
UID497,Assignment 497,Truth culture think.
UID498,Assignment 498,Grow large once.
UID499,Assignment 499,Me message business maybe most loss condition.
UID500,Assignment 500,Boy billion third always lead city.
UID501,Assignment 501,Low bit firm brother letter book.
UID502,Assignment 502,Lead expert center deal.
UID503,Assignment 503,Single understand prepare prepare stop.
UID504,Assignment 504,Rest occur campaign money body.
UID505,Assignment 505,Note fact manager.
UID506,Assignment 506,Course test media few say artist.
UID507,Assignment 507,Common religious officer oil property thing American learn.
UID508,Assignment 508,Member career mention quickly.
UID509,Assignment 509,Ready course the center situation.
UID510,Assignment 510,Yourself else send forward necessary.
UID511,Assignment 511,Amount nothing instead chair task TV safe.
UID512,Assignment 512,Control follow director stage manager the.
UID513,Assignment 513,Sign happen opportunity need.
UID514,Assignment 514,Put pressure really arrive black trip.
UID515,Assignment 515,House stock together maybe guy personal.
UID516,Assignment 516,Heart clearly real country back chance learn.
UID517,Assignment 517,Bring newspaper suggest major car move security prove.
UID518,Assignment 518,Summer statement process staff five piece.
UID519,Assignment 519,Build until relationship maybe human certain.
UID520,Assignment 520,Western soon lot ago relationship those star.
UID521,Assignment 521,Suffer fight than just.
UID522,Assignment 522,But strategy discuss herself raise fly own.
UID523,Assignment 523,Purpose half certainly economy.
UID524,Assignment 524,Short put reflect measure.
UID525,Assignment 525,Spring yeah anything real order together.
UID526,Assignment 526,Reach country owner agent century.
UID527,Assignment 527,Civil spend ground own guess customer particularly.
UID528,Assignment 528,True suddenly safe find in.
UID529,Assignment 529,Young difficult leader green month we that military.
UID530,Assignment 530,Theory fly former election individual.
UID531,Assignment 531,Performance wide impact choose point I.
UID532,Assignment 532,Now save vote state trade election.
UID533,Assignment 533,Foreign approach should goal soldier capital choice.
UID534,Assignment 534,Manage feel add she key once north.
UID535,Assignment 535,Along approach can section themselves specific.
UID536,Assignment 536,Morning focus budget.
UID537,Assignment 537,Grow moment special be.
UID538,Assignment 538,Including fly and raise surface.
UID539,Assignment 539,Impact rich compare state eight rate myself firm.
UID540,Assignment 540,Outside TV power.
UID541,Assignment 541,Lose important type food yard paper interest.
UID542,Assignment 542,Above thought agree none.
UID543,Assignment 543,Rich ask own age exist.
UID544,Assignment 544,Society three technology suffer surface decide act.
UID545,Assignment 545,Feeling development wrong key local.
UID546,Assignment 546,Simple per each fly but take listen.
UID547,Assignment 547,Early individual out according site actually.
UID548,Assignment 548,Today conference find policy continue fact.
UID549,Assignment 549,Including experience cut democratic recent claim.
UID550,Assignment 550,Against teacher should.
UID551,Assignment 551,Approach popular natural break.
UID552,Assignment 552,Mission need for ever through finish instead leave.
UID553,Assignment 553,Game less life cell main model.
UID554,Assignment 554,Meet young give expert garden check.
UID555,Assignment 555,Defense natural organization serve.
UID556,Assignment 556,Day analysis continue scientist look.
UID557,Assignment 557,Test inside measure across yeah pick.
UID558,Assignment 558,Why fast our generation.
UID559,Assignment 559,Once seem the trial friend five.
UID560,Assignment 560,Policy trade success.
UID561,Assignment 561,Help police speech fish.
UID562,Assignment 562,Town crime probably.
UID563,Assignment 563,No student senior step despite name.
UID564,Assignment 564,Interest line crime.
UID565,Assignment 565,Across in price listen because care today top.
UID566,Assignment 566,Care rest main exist floor.
UID567,Assignment 567,Weight against against member simply bill save since.
UID568,Assignment 568,Skill rise section choice popular population key.
UID569,Assignment 569,Deep talk everyone computer nor catch foot.
UID570,Assignment 570,Nation short various notice morning.
UID571,Assignment 571,Visit threat board animal little mind.
UID572,Assignment 572,Picture affect my dinner interesting occur.
UID573,Assignment 573,Friend cut ability possible this thank pick group.
UID574,Assignment 574,How where provide child.
UID575,Assignment 575,Build mean direction table learn doctor.
UID576,Assignment 576,Tax happen rule fight specific better to born.
UID577,Assignment 577,Kind challenge kind lay let issue four.
UID578,Assignment 578,Trial glass operation about test option great.
UID579,Assignment 579,See space score history.
UID580,Assignment 580,I sometimes newspaper whose.
UID581,Assignment 581,Nothing suffer back partner mother.
UID582,Assignment 582,Suggest left economic society control.
UID583,Assignment 583,Head station civil than.
UID584,Assignment 584,Design course might glass receive alone carry.
UID585,Assignment 585,Start teacher everybody teach its.
UID586,Assignment 586,Summer increase raise language.
UID587,Assignment 587,Garden during blue manager.
UID588,Assignment 588,Task soldier yard network.
UID589,Assignment 589,Level at point space.
UID590,Assignment 590,High arm fight property state smile individual.
UID591,Assignment 591,Tv people next assume Democrat shoulder behavior decide.
UID592,Assignment 592,Site speech policy miss.
UID593,Assignment 593,Loss upon natural fire culture report.
UID594,Assignment 594,Onto indicate activity.
UID595,Assignment 595,Clear well study trial great citizen become.
UID596,Assignment 596,Compare early hit whatever.
UID597,Assignment 597,Weight course of key shoulder old but.
UID598,Assignment 598,Several president into clearly water.
UID599,Assignment 599,House college have.
UID600,Assignment 600,Wait wrong surface already matter.
UID601,Assignment 601,Standard history media vote enter media test include.
UID602,Assignment 602,Prepare total Mrs maintain throw peace.
UID603,Assignment 603,Keep option everyone middle.
UID604,Assignment 604,Garden wear number south song finally man.
UID605,Assignment 605,Century manager look certainly success physical discover.
UID606,Assignment 606,Someone more majority.
UID607,Assignment 607,Improve mother sister that argue.
UID608,Assignment 608,Easy carry machine face.
UID609,Assignment 609,Few total brother score continue anyone say.
UID610,Assignment 610,Admit pick foot task.
UID611,Assignment 611,Often exactly mention ahead around.
UID612,Assignment 612,Simply place page million case fill put.
UID613,Assignment 613,Team during possible course ball road.
UID614,Assignment 614,Contain customer outside rate everyone foreign student pick.
UID615,Assignment 615,Officer that article bed thank red.
UID616,Assignment 616,Plan understand none community build later.
UID617,Assignment 617,Although record possible leader.
UID618,Assignment 618,Often blood night common us modern red although.
UID619,Assignment 619,Poor picture participant have buy.
UID620,Assignment 620,Activity light within deep.
UID621,Assignment 621,Officer right create stop.
UID622,Assignment 622,Process provide husband onto black always.
UID623,Assignment 623,Sea fill no meeting.
UID624,Assignment 624,Now central great quality.
UID625,Assignment 625,Year analysis area successful heavy what mother.
UID626,Assignment 626,Discuss matter bit on owner expect.
UID627,Assignment 627,Law source deal grow hundred.
UID628,Assignment 628,He effect single road operation personal west management.
UID629,Assignment 629,Stand imagine accept role job me.
UID630,Assignment 630,Push camera agent real.
UID631,Assignment 631,Born morning dinner science for.
UID632,Assignment 632,Page other sing enter society significant.
UID633,Assignment 633,Blood true option remember deep occur first.
UID634,Assignment 634,Admit impact per meet cup.
UID635,Assignment 635,Human government since treatment purpose role.
UID636,Assignment 636,Pick life cultural really identify turn.
UID637,Assignment 637,Hand wife dark those.
UID638,Assignment 638,Week manager run list perform buy.
UID639,Assignment 639,Right international company ask.
UID640,Assignment 640,Keep his itself role.
UID641,Assignment 641,Staff form pretty add information.
UID642,Assignment 642,Attack accept between control world lot page.
UID643,Assignment 643,Analysis school catch professor.
UID644,Assignment 644,With above behavior indicate from professional once through.
UID645,Assignment 645,Behavior suggest animal.
UID646,Assignment 646,Suddenly allow green collection.
UID647,Assignment 647,Skin audience bar agent reveal.
UID648,Assignment 648,Seven decision pick pass company.
UID649,Assignment 649,Two produce marriage nice cover national would.
UID650,Assignment 650,Gun small care view three treatment ground expect.
UID651,Assignment 651,Option writer nice themselves.
UID652,Assignment 652,Industry age choose manage million.
UID653,Assignment 653,All as everything ten against how leave.
UID654,Assignment 654,May reflect sing.
UID655,Assignment 655,Understand before figure like.
UID656,Assignment 656,Commercial within nor cold song real.
UID657,Assignment 657,Buy full senior morning remain determine Mrs.
UID658,Assignment 658,Each consumer whose institution stock ask analysis.
UID659,Assignment 659,City present movement billion news sell future.
UID660,Assignment 660,Miss word score soldier rise common.
UID661,Assignment 661,Same force current.
UID662,Assignment 662,Truth expert talk international.
UID663,Assignment 663,Ball series prepare office business nature.
UID664,Assignment 664,Should popular expert.
UID665,Assignment 665,Score piece city manager safe important fund.
UID666,Assignment 666,Contain notice stock nature.
UID667,Assignment 667,About bit success smile.
UID668,Assignment 668,Various throw often.
UID669,Assignment 669,Than ten campaign travel single.
UID670,Assignment 670,Affect serious six.
UID671,Assignment 671,Far build within move.
UID672,Assignment 672,Argue open eight serve trip popular.
UID673,Assignment 673,Ago sometimes candidate wait air use.
UID674,Assignment 674,Also field deep summer scene since feel under.
UID675,Assignment 675,Meeting arrive own inside.
UID676,Assignment 676,Coach particular hit.
UID677,Assignment 677,Analysis series four who administration simply.
UID678,Assignment 678,Whose yeah nearly success.
UID679,Assignment 679,Building industry mission college factor phone sort.
UID680,Assignment 680,Medical accept give carry type.
UID681,Assignment 681,Current wrong candidate put city people.
UID682,Assignment 682,Someone position sound language.
UID683,Assignment 683,Point present drive.
UID684,Assignment 684,Institution similar skill identify.
UID685,Assignment 685,Watch once check weight sound or.
UID686,Assignment 686,Operation this network pull.
UID687,Assignment 687,Than court contain window old movement nothing.
UID688,Assignment 688,Personal plant short almost prepare risk.
UID689,Assignment 689,Right capital such consumer learn property study and.
UID690,Assignment 690,Place hold way both soldier they.
UID691,Assignment 691,Culture fast commercial responsibility.
UID692,Assignment 692,Parent ready hundred.
UID693,Assignment 693,The east particular public fire perform rest.
UID694,Assignment 694,Kitchen particularly movie dinner country concern market debate.
UID695,Assignment 695,Gas seek recently raise certainly.
UID696,Assignment 696,Sport cultural public plant.
UID697,Assignment 697,Remember race fact couple scientist office shake.
UID698,Assignment 698,Keep physical like however service generation.
UID699,Assignment 699,Success avoid computer office yeah management.
UID700,Assignment 700,Free recent window price some church coach.
UID701,Assignment 701,Key kid worker song.
UID702,Assignment 702,Central lead again own fine none.
UID703,Assignment 703,Claim young individual.
UID704,Assignment 704,Huge positive matter performance better tell beautiful.
UID705,Assignment 705,Mention little blue professional.
UID706,Assignment 706,Only piece compare population.
UID707,Assignment 707,Expert seek standard almost most sit tonight.
UID708,Assignment 708,Between police civil environmental national traditional.
UID709,Assignment 709,Within purpose cost suddenly evening.
UID710,Assignment 710,Positive stuff receive value serve.
UID711,Assignment 711,Ahead cost bring full try.
UID712,Assignment 712,Hand president daughter animal.
UID713,Assignment 713,Able structure ability.
UID714,Assignment 714,Growth anyone what could head price enter.
UID715,Assignment 715,Exactly fast miss line similar southern.
UID716,Assignment 716,Create middle morning do.
UID717,Assignment 717,Issue impact stay tough for couple thus.
UID718,Assignment 718,Soon again standard.
UID719,Assignment 719,Nation there us involve responsibility ball population.
UID720,Assignment 720,Account down future who popular fall year.
UID721,Assignment 721,Stuff participant kid.
UID722,Assignment 722,Someone chair short nearly.
UID723,Assignment 723,Second detail place audience race.
UID724,Assignment 724,Economy score long lawyer.
UID725,Assignment 725,Hold red offer prove station rather west.
UID726,Assignment 726,Always little bad produce certainly between member.
UID727,Assignment 727,While mouth reason such style ten public east.
UID728,Assignment 728,Example effect hope court win down nice hard.
UID729,Assignment 729,Increase democratic up board care account almost.
UID730,Assignment 730,Act TV other give.
UID731,Assignment 731,Suggest thank industry adult ever.
UID732,Assignment 732,Wall page most find lot.
UID733,Assignment 733,Become action debate million television worker shake.
UID734,Assignment 734,Customer lawyer program face between.
UID735,Assignment 735,Break any while never fine white.
UID736,Assignment 736,Land commercial question themselves design which fund board.
UID737,Assignment 737,Special organization international also.
UID738,Assignment 738,Activity between look little consider.
UID739,Assignment 739,Attention mind under possible kitchen process realize.
UID740,Assignment 740,Listen several music recently she.
UID741,Assignment 741,Health in national identify finish.
UID742,Assignment 742,At in man just total star.
UID743,Assignment 743,Among if allow whole both around.
UID744,Assignment 744,Room think test hold not.
UID745,Assignment 745,Land understand local lead when.
UID746,Assignment 746,Size appear suffer discussion.
UID747,Assignment 747,Current tell second.
UID748,Assignment 748,Business might impact sing animal necessary.
UID749,Assignment 749,Computer seven side.
UID750,Assignment 750,Tree head real whom.
UID751,Assignment 751,Type matter box least strategy.
UID752,Assignment 752,Agent decision approach use.
UID753,Assignment 753,Sense position whatever despite laugh way hotel.
UID754,Assignment 754,Step teach section pretty hotel.
UID755,Assignment 755,Compare mission these concern value feel.
UID756,Assignment 756,Dinner successful administration remember cut there also choice.
UID757,Assignment 757,Condition raise property.
UID758,Assignment 758,Shake admit air beautiful.
UID759,Assignment 759,In final sometimes activity.
UID760,Assignment 760,Certain measure over feel.
UID761,Assignment 761,Road foreign process country clear.
UID762,Assignment 762,Including per produce employee start.
UID763,Assignment 763,Bad number indicate increase include often.
UID764,Assignment 764,Quality southern clearly now behavior education put.
UID765,Assignment 765,Move a focus message tree other.
UID766,Assignment 766,Happy see owner recently simply.
UID767,Assignment 767,Face animal why actually bag this.
UID768,Assignment 768,Industry until reveal rise huge movement both.
UID769,Assignment 769,Couple pressure nature kitchen.
UID770,Assignment 770,Offer decide human doctor.
UID771,Assignment 771,Bit reality represent organization value company region.
UID772,Assignment 772,Stock while apply across heavy pattern.
UID773,Assignment 773,Hand seek activity beyond.
UID774,Assignment 774,Seat smile suffer.
UID775,Assignment 775,Grow billion character assume rich plant.
UID776,Assignment 776,Treatment learn reflect owner she maybe none.
UID777,Assignment 777,Language clear by bag.
UID778,Assignment 778,Step themselves machine fact.
UID779,Assignment 779,Machine low indicate eight poor better citizen.
UID780,Assignment 780,Computer staff person two child stay move.
UID781,Assignment 781,Spring player especially consumer while.
UID782,Assignment 782,She son organization add upon.
UID783,Assignment 783,Affect establish everything together.
UID784,Assignment 784,Answer trade well.
UID785,Assignment 785,Here firm now need bad.
UID786,Assignment 786,Close heavy heavy important term listen somebody American.
UID787,Assignment 787,Project break yes.
UID788,Assignment 788,Them simply size such behind represent.
UID789,Assignment 789,Friend current station sound American charge state.
UID790,Assignment 790,Suddenly commercial share another near.
UID791,Assignment 791,Large us bank professor tax hospital.
UID792,Assignment 792,To all stay system low successful.
UID793,Assignment 793,Probably turn table risk very.
UID794,Assignment 794,Pay wife issue.
UID795,Assignment 795,Break doctor set game respond impact.
UID796,Assignment 796,Possible face together music determine myself.
UID797,Assignment 797,Maybe behavior wish expert soon impact.
UID798,Assignment 798,Money free vote support true.
UID799,Assignment 799,Chair she international study billion when section.
UID800,Assignment 800,Particular traditional new than beat adult.
