uid,name,email
UID001,Bradley Huber,jason72@example.org
UID002,Jennifer King DVM,travis99@example.com
UID003,Adam Powell,jessica06@example.net
UID004,Thomas Case,smithalex@example.org
UID005,Karen Parker,howardtammy@example.net
UID006,Michelle Mitchell,jessicajohnson@example.com
UID007,Angela Russell,tammy10@example.net
UID008,Alice Harris,stephanie44@example.org
UID009,Deanna Harris,silvadana@example.net
UID010,Mr. Kenneth Cohen,gilbertbeltran@example.org
UID011,Travis Rivera,vpena@example.net
UID012,Nathan Burton,vbailey@example.com
UID013,Chad Wells,bstark@example.com
UID014,Drew Hebert,gmoore@example.net
UID015,Timothy Miller,jimmy54@example.net
UID016,Dr. Brianna Ochoa,pdean@example.org
UID017,Deborah Miller,donnahernandez@example.net
UID018,William Valentine,martinkimberly@example.com
UID019,Morgan Chapman,scott99@example.org
UID020,Eric Jones,jasmineriggs@example.net
UID021,Austin Bates,bellrachel@example.net
UID022,Mark Cohen,jessica41@example.com
UID023,Carol Hughes,lisa95@example.org
UID024,Dylan Jackson,mstevens@example.net
UID025,Danielle Ortiz,seancampbell@example.org
UID026,Ricky Brown,hendersonjessica@example.com
UID027,Brandon Brandt,masonmichelle@example.net
UID028,James Castro,mrivera@example.org
UID029,Matthew Parker,maria40@example.org
UID030,Olivia Barrett,amyphillips@example.net
UID031,Kathryn Porter,singhmark@example.org
UID032,Anthony Castro,sharris@example.org
UID033,Alicia Hanson,alex97@example.com
UID034,Paul Garcia DDS,smallkristen@example.org
UID035,Ashley Fletcher,smithlaura@example.com
UID036,Alicia Nelson MD,feliciarodriguez@example.net
UID037,Wendy Page,erin91@example.net
UID038,Lisa Rojas,solson@example.com
UID039,Donna Lee,aandrews@example.net
UID040,John Taylor,iromero@example.net
UID041,Nancy Olson,jeffreyclark@example.net
UID042,Brittney Yu,rosejamie@example.org
UID043,Jennifer Brown,robert82@example.net
UID044,Aaron Parker,pshelton@example.net
UID045,Benjamin White,sheryl64@example.org
UID046,Robert Nixon,aray@example.net
UID047,Nicholas Torres,george75@example.net
UID048,Jeffrey Clark,rgriffin@example.com
UID049,John Murray,dbates@example.com
UID050,Courtney Robinson,shawn09@example.net
UID051,Paula Lin,steven53@example.com
UID052,Katrina Sexton,ypoole@example.net
UID053,Sandra Fox,peterfox@example.net
UID054,David Taylor,ugonzalez@example.com
UID055,Jeffrey Galvan,sherylnelson@example.net
UID056,Rebecca Evans,ggoodwin@example.com
UID057,David Cross,ebishop@example.com
UID058,Jay Hodges,ochambers@example.org
UID059,Kevin Hardy,knightwanda@example.com
UID060,Brandon Nguyen,allencheryl@example.com
UID061,Donald Adams,clarkdeborah@example.com
UID062,David Miller,pguerrero@example.org
UID063,David Callahan,zthomas@example.net
UID064,James Hammond,anne15@example.com
UID065,Carolyn Downs,ncampos@example.com
UID066,Amanda Higgins,lawrence97@example.net
UID067,Amanda Fields,vgallegos@example.net
UID068,Maria Gomez,jessica84@example.org
UID069,Melissa Freeman,reneereilly@example.com
UID070,Joshua Miller,jonesdarren@example.net
UID071,Katrina Rodriguez,michaelbennett@example.com
UID072,Mark Fischer,fgordon@example.net
UID073,Mike Clark,jake36@example.com
UID074,Andrew Peterson,nathanielcarroll@example.org
UID075,Nicholas Day,george00@example.net
UID076,Christopher Fox,alexandria25@example.net
UID077,Mr. Joseph Valentine,weavertina@example.org
UID078,Austin Morris,maldonadokeith@example.net
UID079,Dr. Phillip Fields MD,bradley98@example.com
UID080,Sherry Jones,christopherlindsey@example.org
UID081,Glen Moore,fwilliams@example.net
UID082,Danielle Sims,hparker@example.org
UID083,Jamie Kidd,rebeccalowery@example.net
UID084,David Macdonald,lferguson@example.com
UID085,Patrick Powell,wyattarnold@example.net
UID086,Jason Olson,dschultz@example.net
UID087,Dr. Leslie Thomas DDS,fstewart@example.net
UID088,Brooke Craig,william96@example.org
UID089,Sheryl Mercado,ethanwhite@example.org
UID090,Scott Brown,ygillespie@example.net
UID091,Laurie Mercer,omartinez@example.org
UID092,Robert Lopez,horr@example.com
UID093,Jessica Marsh,obrown@example.net
UID094,Rodney Fischer,nataliejohnson@example.org
UID095,Frederick Brown,carrie54@example.com
UID096,Jason Shepard,ale@example.com
UID097,Kimberly Brown,arthurbryan@example.org
UID098,Heidi Warner,leongeorge@example.net
UID099,Stephen Collins,clayton86@example.com
UID100,Lisa Thompson,ssmith@example.com
UID101,Glenn Baker,lhernandez@example.com
UID102,David Mcdaniel,rogerosborn@example.org
UID103,Susan Crawford,janiceesparza@example.net
UID104,Thomas Herring,wfrye@example.org
UID105,Ryan Jordan,emilyjackson@example.net
UID106,Laurie Moore,austin40@example.net
UID107,Troy Miller,irodriguez@example.net
UID108,Timothy Lee,fbowman@example.net
UID109,Jonathan Fischer,richardmolina@example.com
UID110,Albert Roberson,hbrooks@example.org
UID111,Ashley Brown,angela85@example.com
UID112,Sheila Moore,james53@example.net
UID113,Emily Hall,qhansen@example.org
UID114,Benjamin Weeks,monicataylor@example.com
UID115,Timothy King,james44@example.org
UID116,Lisa Smith,jeffreymueller@example.com
UID117,Sandra Krueger,erinhenry@example.org
UID118,Joseph Hamilton,foxcaroline@example.com
UID119,Philip Gillespie,brucetimothy@example.net
UID120,Dustin Harris,larsenmichael@example.org
UID121,Patricia Harmon,brandon93@example.net
UID122,Douglas Rogers,ronaldclarke@example.org
UID123,Carl Hardin,taylor38@example.org
UID124,Jessica Lambert,qandrews@example.org
UID125,Kimberly Adkins,jonathanfarmer@example.com
UID126,Anthony Perez,greenjoseph@example.org
UID127,Jay Underwood,edwardsmichael@example.net
UID128,Alice Leblanc,michaelharris@example.net
UID129,Tracy White,tstevens@example.net
UID130,Alison Johnson,marcomckee@example.org
UID131,Kenneth Jenkins,anne61@example.net
UID132,Angel Sanchez,hlynn@example.com
UID133,Brandy Li,mccormicktracy@example.org
UID134,Benjamin Bean,steven99@example.net
UID135,Kathleen Townsend,fhall@example.org
UID136,Rebecca Diaz,sarah16@example.org
UID137,Spencer Rios,ljohnson@example.net
UID138,Jennifer Saunders,robert97@example.com
UID139,Troy Walton,holly31@example.net
UID140,Gabrielle Dean,njohnson@example.net
UID141,Jeffrey Martinez,gregory86@example.net
UID142,Sarah Zamora,blevinsjohn@example.com
UID143,Christian Brock,chanantonio@example.org
UID144,Joseph Johnson,evansveronica@example.net
UID145,Brenda Simon,adamsmichael@example.com
UID146,Joseph Adams,amberblackwell@example.com
UID147,Chris Rose,matthewsjackson@example.org
UID148,Jennifer Taylor,shannoncarter@example.org
UID149,Alicia Aguilar,melanie99@example.org
UID150,Dylan Harrington,eroach@example.com
UID151,Shannon Blanchard,bradleycameron@example.com
UID152,Steve Jackson,wedwards@example.com
UID153,Paula Ayala,amber06@example.org
UID154,Amy Jackson,yjones@example.net
UID155,David Anthony,kingdamon@example.org
UID156,Allison Miller,morganconway@example.com
UID157,Elizabeth Stuart,clarkkathleen@example.net
UID158,Andrew Callahan,gary56@example.org
UID159,George Horn,elizabethjenkins@example.net
UID160,Troy Lopez,camposlisa@example.net
UID161,Teresa Hernandez,ihuang@example.com
UID162,Corey Armstrong,joseyu@example.com
UID163,Gina Brennan,matthew04@example.com
UID164,David King,jenniferterry@example.net
UID165,Michael Hall,rosestacy@example.net
UID166,Jennifer Cooper,lawsonmarilyn@example.org
UID167,Chelsea Weber,wgraham@example.org
UID168,Kimberly Fisher,matthewslisa@example.com
UID169,Brandon Wright,terripatel@example.com
UID170,Zachary Vaughn,wintersvirginia@example.net
UID171,Isabel Anderson,catherine49@example.net
UID172,Jason Oneal,agilmore@example.net
UID173,Keith Ball,jennifercruz@example.org
UID174,Kim Williams,burnsedward@example.org
UID175,Jesse Martinez,mschmidt@example.com
UID176,Denise Barnett,mary32@example.net
UID177,Virginia Allen,youngcrystal@example.com
UID178,Mark Stanton,samantha74@example.org
UID179,Aaron Smith,herreraallen@example.net
UID180,Stephen Morales,raydaryl@example.net
UID181,Rachel Sutton,blakerodriguez@example.net
UID182,Kathy Miller,brodriguez@example.com
UID183,Tyler Parker,dcrawford@example.com
UID184,Jeffrey Day,houstonhaley@example.com
UID185,Chad Nguyen,swilliams@example.com
UID186,Christine Kim,joshua86@example.org
UID187,John Ruiz,zsmith@example.net
UID188,Victor Johnson,carternatalie@example.com
UID189,Daniel Miller,kristinadams@example.com
UID190,Jack Leblanc,igolden@example.org
UID191,Stephanie Best,zfritz@example.com
UID192,Connie Simpson,veronica86@example.com
UID193,Michael Lopez,wdalton@example.com
UID194,David Roberts,brownkeith@example.net
UID195,Darren Moss,bradshawchristy@example.org
UID196,Scott Norton,juan42@example.com
UID197,Elizabeth Alexander,stephensjanice@example.com
UID198,Sara Payne,bethgilmore@example.com
UID199,Danielle Bowman,pedro01@example.com
UID200,Kimberly Price,chelsea83@example.com
UID201,Heather Smith,fcline@example.org
UID202,Ashley May,amberreeves@example.org
UID203,John Sanchez,fbradley@example.net
UID204,Chase Martin,tonyburke@example.com
UID205,Jennifer Moon,erodriguez@example.com
UID206,Charles Anderson,gburns@example.org
UID207,Robert Schneider,cbrandt@example.net
UID208,Carol Le,jennanielsen@example.com
UID209,Kristen Mccoy,jessicahenderson@example.com
UID210,Tammy Lawrence,daniel01@example.com
UID211,Ian White,shannontucker@example.org
UID212,Veronica Lynn,warnerhaley@example.com
UID213,Amber Peterson,joshua55@example.org
UID214,Mary Huerta,gramirez@example.com
UID215,Melissa Anderson,hayesjason@example.net
UID216,Jenna Sweeney,danielle20@example.org
UID217,Cody Woodward,jeremytrevino@example.com
UID218,Michelle Gutierrez,nicholasryan@example.net
UID219,Nathan Webb,oliverguy@example.com
UID220,Jaime Wells,javiermorrow@example.com
UID221,Kristine Craig,renee27@example.net
UID222,Christina Smith DDS,kathy19@example.net
UID223,John Benton,kaylee57@example.net
UID224,William Schwartz,harrismelissa@example.net
UID225,Melissa Harris,jhernandez@example.net
UID226,Rachel Lopez,branchkeith@example.com
UID227,Curtis Gonzalez,merrittdeanna@example.org
UID228,Tracey Diaz,hicksmichelle@example.org
UID229,Elizabeth Rivera,michael29@example.org
UID230,Kimberly Wagner,laurentanner@example.net
UID231,Matthew Garcia,turnerbrandon@example.net
UID232,Michael Dunn,michael25@example.com
UID233,Elizabeth Rodriguez,davismegan@example.net
UID234,Andrew Dean,tbaker@example.com
UID235,Richard Santos,charleneholland@example.org
UID236,Joel Hernandez,melinda53@example.net
UID237,Kyle Williams,carlos56@example.com
UID238,Harry Campbell,houstonchristine@example.com
UID239,Stephen Simpson,bdavis@example.com
UID240,Diana Smith,hernandezchristopher@example.net
UID241,Adam Campbell,crawfordbarry@example.org
UID242,Daniel Ferguson,melaniethomas@example.com
UID243,Thomas Cantu,tiffanyjacobson@example.org
UID244,Frank Lee,olopez@example.org
UID245,Eric Powell,smithelizabeth@example.com
UID246,Amber Barker,heatherdavis@example.com
UID247,Chelsea Allen,ronald96@example.net
UID248,Kelly Stevens,richardlyons@example.com
UID249,Shaun Ross,dwilliams@example.org
UID250,Brent Foster,flemingleslie@example.com
UID251,Rachel Glass,mary29@example.net
UID252,Miranda Wyatt,sgarcia@example.com
UID253,Angela Hall,owashington@example.net
UID254,Lisa Valdez,maxwelllisa@example.com
UID255,Cameron Williams,morgankimberly@example.org
UID256,Maurice Bailey,daniel09@example.net
UID257,Jerry Murray,kevin88@example.org
UID258,Patricia Lopez,robin72@example.com
UID259,Jessica Oconnell,qtanner@example.net
UID260,Joshua Lloyd,martinezjames@example.com
UID261,Amber Stone,iwilson@example.com
UID262,Jeffrey Riley,monicahenson@example.com
UID263,Marcus Jackson,patrickodonnell@example.com
UID264,Brooke Leblanc,briannapatel@example.net
UID265,Christina Barber,leslie81@example.net
UID266,Crystal Morris,john09@example.net
UID267,Mark Perez,brendacasey@example.com
UID268,Michael Martin,obriensheila@example.com
UID269,Mandy Gonzalez,christopherford@example.org
UID270,Andrea Hall,ruizjoseph@example.org
UID271,Amanda Wells,matthewtaylor@example.org
UID272,James Mann,johnsonjames@example.com
UID273,Jackie Wilson,morrismichael@example.org
UID274,Felicia Williams,michelle69@example.com
UID275,Michael Bailey,brandonramirez@example.org
UID276,Derek Thompson,lcampos@example.org
UID277,Sara Cohen,zlowe@example.org
UID278,Raymond Holt,vwalsh@example.org
UID279,Crystal Martinez,megan41@example.net
UID280,Jessica Roth,rosarioroger@example.com
UID281,Andrew Thornton,ehernandez@example.org
UID282,Frances Johnson,wendy17@example.org
UID283,Cheryl Garcia,crystalguzman@example.net
UID284,Mary Boone,amurillo@example.net
UID285,Miranda Burgess,richardsmith@example.com
UID286,Emily Floyd,mchristensen@example.com
UID287,John Larson,jamesstephanie@example.net
UID288,Beth Sanchez,michaelmurphy@example.com
UID289,Melissa Martinez,kristabrown@example.net
UID290,Rachel Robertson,frederickjoshua@example.org
UID291,Brenda Holloway,hallpaula@example.com
UID292,Jamie Gardner,ryanvance@example.com
UID293,Matthew Johnson,alexanderwilliams@example.net
UID294,Ashley Hill,garyhorn@example.com
UID295,Evelyn Allison,betty30@example.org
UID296,David Peterson,michaelbrown@example.org
UID297,Phillip Holland,wellsmegan@example.net
UID298,Heather Jackson,michael22@example.net
UID299,Stephen Page,tgarner@example.net
UID300,James Chandler,andersonjeffrey@example.com
UID301,Cindy Hill,paul76@example.net
UID302,Michael Smith,alyssa78@example.net
UID303,Tracy Levy,lmoyer@example.net
UID304,Jessica Young,millerhaley@example.org
UID305,Valerie Rogers,justinward@example.net
UID306,Patricia Hernandez,jennasims@example.org
UID307,Amanda Garza,uparker@example.org
UID308,Caleb White,anneriley@example.org
UID309,Peggy Espinoza,ymiller@example.com
UID310,April Rogers,matthew29@example.org
UID311,Darryl Montes,peterssusan@example.org
UID312,Karen Parrish,robertcunningham@example.org
UID313,Brandon Johnson,johnsonwilliam@example.net
UID314,Timothy Smith,elizabeth80@example.org
UID315,Jennifer Munoz,uwilkins@example.net
UID316,Timothy Fischer,xlowe@example.net
UID317,Keith Powers,davisnicole@example.com
UID318,Mark Wilson,david06@example.org
UID319,Janet Brown,krivas@example.org
UID320,Kimberly Duran,nelsonchristy@example.com
UID321,Mark Jackson,tammycharles@example.net
UID322,Rachel Lewis,fpoole@example.org
UID323,Alex Wilson,connietrujillo@example.com
UID324,Garrett Martinez,kevincoleman@example.org
UID325,Kevin Barker,tammygarcia@example.net
UID326,Andrew Burton,connor64@example.org
UID327,Timothy Ford,lucas14@example.com
UID328,Evelyn Lee,michele43@example.net
UID329,John Acevedo,mdavis@example.org
UID330,Kara Webb,kevinsharp@example.org
UID331,Rebecca Carrillo,amandameyer@example.com
UID332,Heather Kelly,timothy85@example.net
UID333,Steven Steele,tarroyo@example.org
UID334,Tracey Tucker,nathan03@example.com
UID335,Brian Hurley,elucas@example.com
UID336,Donald Hernandez,eclark@example.net
UID337,Jasmine Jarvis,dcoleman@example.com
UID338,Jennifer Gibbs,monicalarson@example.net
UID339,Jason Ruiz,zrodriguez@example.com
UID340,Dominic Hughes,derrick24@example.com
UID341,Ricardo Gutierrez,daniel42@example.net
UID342,Robert Thompson,mckinneykristina@example.com
UID343,Peter Cardenas,brownmark@example.org
UID344,Debra Moran,ibrown@example.com
UID345,Richard Brown,glenhicks@example.org
UID346,Edward Torres,pmartin@example.com
UID347,Bridget Cole,gregorysolomon@example.net
UID348,Frederick Cooke,kara74@example.com
UID349,Antonio Perry,kelly72@example.com
UID350,Charlotte Evans,aatkins@example.com
UID351,Nicholas Barber,nwilson@example.com
UID352,Felicia Farmer,robert99@example.net
UID353,Heather Bryant,ufoster@example.net
UID354,Jamie Benjamin,sarah83@example.org
UID355,Shawn Butler,qphillips@example.org
UID356,Pamela Cunningham,thomasshelby@example.org
UID357,George Warren,oherrera@example.net
UID358,Mary Daniel,rebecca64@example.org
UID359,Anthony Grant,burnettmatthew@example.org
UID360,Stephanie Beard,fbradford@example.org
UID361,Alexander Reyes,ccurry@example.org
UID362,Rose Hurst,erika02@example.org
UID363,Andrew Campbell,cbarker@example.org
UID364,William Ayala,jared74@example.org
UID365,Willie Hall,starklisa@example.com
UID366,Sean Burnett,tammy27@example.net
UID367,Brenda Harris,hpadilla@example.org
UID368,Darlene Wallace,scott77@example.net
UID369,Linda Andrews,angelawillis@example.org
UID370,Noah Hines,leslieharris@example.org
UID371,Carolyn Hall,qmedina@example.net
UID372,John Howard,tonya51@example.net
UID373,Ricky Sandoval,summer25@example.com
UID374,Michael Lee,saraadams@example.net
UID375,Christine Vance,johnsonchristopher@example.org
UID376,Cassandra Gutierrez,briancarey@example.net
UID377,Ashley Riley,zrogers@example.org
UID378,Kristy Carter,xroberts@example.com
UID379,Pamela Rojas,lbrown@example.net
UID380,Sheila Andrews,bellis@example.com
UID381,Amanda Owens,alexander73@example.net
UID382,Dana Mendez,clarkpamela@example.org
UID383,Chad Lamb,padams@example.net
UID384,Monique Lucero,clyons@example.org
UID385,Kelly Roth,katelyn44@example.com
UID386,James Trujillo,daniel21@example.net
UID387,Adam Williams,nathanleblanc@example.com
UID388,Melissa Hernandez,michaelbates@example.com
UID389,Jasmine Phillips,yorkstacy@example.com
UID390,Joseph Noble,austinalvarez@example.com
UID391,Raymond Liu,thorntonmichael@example.com
UID392,Amy Walters,paulknight@example.org
UID393,Annette Chavez,jodi08@example.com
UID394,Courtney Caldwell,michaelhuber@example.org
UID395,Lindsey Harrell,guzmantiffany@example.com
UID396,Kayla Castillo,hullmary@example.com
UID397,James Brooks,scott12@example.com
UID398,Monica Phillips,cynthia62@example.com
UID399,Andrew Austin,huntjulie@example.net
UID400,James Tyler,johnsonsonia@example.net
UID401,Dr. Lisa Thompson,briandean@example.com
UID402,Nathan Beasley,lewisjesus@example.org
UID403,Sydney Nelson,richmondjesse@example.org
UID404,Kathleen Parsons,ghayes@example.com
UID405,Eddie Petty,nromero@example.org
UID406,Mitchell Little,vrichardson@example.net
UID407,Corey Taylor,hpatel@example.com
UID408,Kelsey Davis DDS,mosespaul@example.org
UID409,David Glenn,lesliewright@example.net
UID410,Tina Holloway,jesseflores@example.com
UID411,Nicole Hall,wilsonchristopher@example.org
UID412,Billy Rodriguez,perryjessica@example.org
UID413,Charles Smith,xprice@example.com
UID414,Mrs. Tanya Meyer,allisonsmith@example.net
UID415,Abigail Williams,colinmarshall@example.net
UID416,Glen Young,morganmichael@example.org
UID417,Robert Stephens,scottpatterson@example.com
UID418,Jonathan Campos,frankfranklin@example.net
UID419,Mrs. Anna Morris,gabriella48@example.net
UID420,Ariel Higgins,yrobinson@example.org
UID421,Russell Pham,rgarcia@example.net
UID422,Crystal York,rross@example.com
UID423,Angela Johnson,saguirre@example.org
UID424,Stephanie Gray,lwashington@example.org
UID425,Yvonne Reed,brent73@example.com
UID426,David Gonzalez,amy33@example.net
UID427,Donna Lara,brownandrew@example.net
UID428,Jason Santana,ramirezheather@example.net
UID429,Deborah King,vanthony@example.com
UID430,Tracy Sanchez,curtis43@example.org
UID431,Sharon Gray,roblesandrew@example.com
UID432,Jennifer Hernandez,annettehendrix@example.net
UID433,David Fuller,kimdavid@example.org
UID434,Jeffery Wood,ronnie34@example.org
UID435,Kathleen Mclaughlin,erinnichols@example.net
UID436,Gavin Bell,fzuniga@example.net
UID437,John Smith,robertsanford@example.org
UID438,Jonathan Riley,castillosean@example.org
UID439,Edward Ray,frenchyvette@example.com
UID440,Brian Pennington,qtorres@example.net
UID441,Mark Morales,heididunn@example.org
UID442,Albert Townsend,maciaswilliam@example.com
UID443,John Dean,howardjessica@example.net
UID444,Kaylee Walker,sross@example.com
UID445,Jessica Floyd,zjones@example.net
UID446,Pamela Griffin,wagnerronald@example.com
UID447,Candace Dodson,richardsmichael@example.net
UID448,Nicole Lynch,xtaylor@example.org
UID449,James Moore,bradleyenglish@example.org
UID450,Chad Burns,jeffrey24@example.com
UID451,Melanie Fischer,douglasbrown@example.net
UID452,Jennifer Thomas,lacey79@example.org
UID453,Alexandria Miller,thomas14@example.net
UID454,Joshua Harris,jflores@example.net
UID455,Mark White,tracyparrish@example.org
UID456,Jerry Brown,angeladavidson@example.net
UID457,Samantha Hale,markcortez@example.org
UID458,Kimberly Newman,alopez@example.net
UID459,Ryan Greene,hooverjon@example.net
UID460,Christian Murray,zbrady@example.net
UID461,Cristian Wood,morrisnathan@example.net
UID462,Ms. Alexis Hood,amy24@example.net
UID463,Steve Bradford,susan37@example.net
UID464,Daniel Fisher,thomas53@example.net
UID465,Kevin Brown,williamsmary@example.net
UID466,Karen Dudley,allen56@example.com
UID467,Mr. Bobby Garcia,jblanchard@example.net
UID468,Kirsten Washington,adkinsjulie@example.org
UID469,Mary Walker,ugriffin@example.com
UID470,Paul Morris,uterrell@example.net
UID471,Michelle Pollard,pooledanielle@example.net
UID472,Spencer Lee,angelarodriguez@example.org
UID473,Allen Russell,robertturner@example.net
UID474,April Garrett,justinsmith@example.org
UID475,Patricia Clark,andrea18@example.com
UID476,Sheryl James,hmendoza@example.org
UID477,Michael Smith,jaime49@example.net
UID478,Mrs. Emily Horne,bethany41@example.net
UID479,James Prince,sarah25@example.org
UID480,Tiffany Travis,chelseyruiz@example.net
UID481,Kimberly Harrington,kbartlett@example.com
UID482,Susan James,ellismargaret@example.org
UID483,Alexandra Cross,umartinez@example.org
UID484,Michael Harris,grahamamanda@example.net
UID485,Monica Joyce,danielblack@example.org
UID486,Robert Howard,christypace@example.org
UID487,Yolanda Castillo,justinfrazier@example.com
UID488,Nichole Chase,scottwilliams@example.com
UID489,Andrew Gomez,tanderson@example.net
UID490,William Fisher,johnescobar@example.com
UID491,Matthew Oconnell,utucker@example.com
UID492,Michael Holloway,brooke11@example.net
UID493,Grant Chavez,tina88@example.com
UID494,Nicholas Dyer,lindamcguire@example.org
UID495,John Carter,xhanson@example.org
UID496,Justin Reynolds,odaugherty@example.org
UID497,David Chapman,thomas27@example.net
UID498,Christopher Alexander,ybrown@example.com
UID499,Donna Meyers,bondcrystal@example.org
UID500,Michael Thompson,zacharygross@example.com
UID501,Mrs. Kimberly Smith,jessica77@example.com
UID502,Christopher Scott,perezpeter@example.net
UID503,Tanya Martin,thomasconnor@example.net
UID504,William Harris,grantthomas@example.net
UID505,Chase Harris,shelley20@example.org
UID506,Kelly Tanner,zcampbell@example.net
UID507,Carol Flores,andrea33@example.org
UID508,Harold Clarke,hardingmiranda@example.com
UID509,Heather Baker,jordan80@example.org
UID510,James Schmidt,mike45@example.org
UID511,Caitlin Diaz,tyler70@example.com
UID512,Cassandra Morris,brittanyestrada@example.net
UID513,Lisa Finley,sarahlowe@example.org
UID514,Mr. Edward Flynn,karina67@example.net
UID515,Melissa Odom,justinwolfe@example.com
UID516,Eric Burton,xsmith@example.org
UID517,Lee Joseph,oabbott@example.org
UID518,Philip Harrison,williamsjoshua@example.com
UID519,Courtney Smith,davisamanda@example.net
UID520,Kim Melton,palmerheather@example.com
UID521,Chloe Kaiser,christopher63@example.org
UID522,Daniel Quinn,nelsonmary@example.net
UID523,Danielle Keith,castromary@example.org
UID524,Amanda Rogers,xdavis@example.com
UID525,Ronald Gray,mary61@example.com
UID526,Jessica Walker,qquinn@example.com
UID527,Ashley Lewis DVM,loriharris@example.com
UID528,Victoria Perez,natalie94@example.com
UID529,Hannah Brown,brownsandra@example.com
UID530,Madison Barton,stevenreid@example.org
UID531,Michael Garcia,paulshort@example.net
UID532,Tracy Garza,ystone@example.org
UID533,Andrew Downs,victoriarios@example.org
UID534,Jonathan Lee,colliercolton@example.org
UID535,Robert Robinson,daniel81@example.org
UID536,Kristi Gates,liutyler@example.com
UID537,Amber Mitchell,brittany50@example.net
UID538,Jeffrey Adams,gwilliams@example.net
UID539,Lori Quinn,stephanieallen@example.org
UID540,Courtney Elliott,jacksonchristopher@example.org
UID541,Tonya Brown,powellrichard@example.com
UID542,Eric Thomas,jeffrey74@example.com
UID543,Matthew Gomez,dli@example.net
UID544,Elizabeth Frey,gregorymueller@example.net
UID545,Derek Chavez,vbarr@example.net
UID546,Gregory Harrington,markwest@example.net
UID547,Troy Thomas,sgentry@example.org
UID548,Christopher Hamilton,scottdavis@example.com
UID549,Heather Blevins,cdavis@example.org
UID550,Brittany Velez,blake69@example.net
UID551,Jay Webb,dmorris@example.net
UID552,Sean Benson,gchapman@example.org
UID553,Frances Taylor,victoriasuarez@example.net
UID554,Susan Evans,dalebrown@example.net
UID555,Gerald Church,wilsonlaura@example.net
UID556,Richard Hernandez,vmoore@example.com
UID557,Karina Rios,timothymartin@example.net
UID558,Audrey Taylor,juan95@example.org
UID559,Mitchell Carter,matthewbrown@example.org
UID560,Stephanie Horne,leonardsteven@example.org
UID561,Zachary Bush,hunterfrances@example.net
UID562,Carolyn Garza,greenbrenda@example.net
UID563,Austin Hodge,choicarrie@example.com
UID564,James Perry,qcharles@example.net
UID565,Teresa Thomas,fullerjeanette@example.net
UID566,Reginald Velazquez,tcook@example.net
UID567,Eric Lopez,peter00@example.com
UID568,Chris Benjamin,jsmith@example.org
UID569,Ana Maldonado,gabriella11@example.org
UID570,Jason Bates,awebster@example.org
UID571,Michael Cooley,mccarthyregina@example.com
UID572,Jeremy Reese,cherylarmstrong@example.com
UID573,Connie Myers DDS,lisa67@example.com
UID574,Christina Vega,kathrynhamilton@example.org
UID575,Jamie Bishop,debra14@example.com
UID576,Jody Morales,sherrygarcia@example.org
UID577,Paul Wilson,laneashley@example.org
UID578,Eric Hunter,samantha72@example.net
UID579,Kimberly Acosta,emma94@example.com
UID580,Christopher Peterson,clarkangela@example.org
UID581,Gregory Adams,smithrobin@example.org
UID582,Larry Galvan,halldawn@example.net
UID583,Madison Gonzalez,allison32@example.com
UID584,Karen Edwards,jose93@example.net
UID585,Jennifer Richardson,omorris@example.org
UID586,Michael Martinez,hilljessica@example.com
UID587,Pamela Wright,petersonkellie@example.com
UID588,Timothy Davis,codybarnes@example.com
UID589,Denise Wells,rodgersmatthew@example.org
UID590,John Brown,richard20@example.net
UID591,John Soto,hannah29@example.net
UID592,Antonio Owen,nlee@example.net
UID593,Christina Gonzalez,smithmichelle@example.com
UID594,Katelyn Burns,jacquelineturner@example.net
UID595,Willie Palmer,rebeccaespinoza@example.com
UID596,Scott Sanchez,wpayne@example.org
UID597,Corey Wood,ibentley@example.net
UID598,Perry Newton,rbutler@example.com
UID599,Kevin Mcdonald,bowendakota@example.org
UID600,Charles Morgan,herbertmorgan@example.org
UID601,Michael Rojas,lisa93@example.net
UID602,Brandy Barrera,christophertaylor@example.com
UID603,Charles Serrano,amypatel@example.net
UID604,Cole Lopez,carlayoder@example.com
UID605,Lori Bean,monicaoconnor@example.com
UID606,Tiffany Johnson,eholmes@example.net
UID607,Rita Walters,claytonrogers@example.net
UID608,Tiffany Morris,pstephenson@example.com
UID609,Rhonda Roy,weaverevelyn@example.com
UID610,Hannah Brown,castanedadaniel@example.net
UID611,Mrs. Cheyenne Swanson PhD,lpeterson@example.net
UID612,Melissa Strong,romeroerica@example.org
UID613,Andrea Reyes,lisamiller@example.net
UID614,Nathan Adkins,weberlinda@example.net
UID615,Stephanie Flores,calvinwheeler@example.com
UID616,Justin White,christinajohnson@example.org
UID617,Kathryn Reynolds,scott17@example.net
UID618,Megan Robinson,fsmith@example.net
UID619,Michelle Young,alvarezdenise@example.org
UID620,Bobby Hebert,johnjones@example.com
UID621,Curtis Jones,othompson@example.net
UID622,Joseph Edwards,davisian@example.net
UID623,Carol Smith,ariasmary@example.org
UID624,Maureen Gregory,julie27@example.net
UID625,Joseph Tucker,kaylastanley@example.org
UID626,April Yang,amber17@example.com
UID627,Adam Wilson,kelseyfletcher@example.net
UID628,Nathan Meyers,newtondavid@example.com
UID629,Samuel Wilson DDS,amandabanks@example.org
UID630,Raymond Wright,osanchez@example.com
UID631,Mike Flores,zachary74@example.org
UID632,Christopher Walton,andresclayton@example.org
UID633,Diana Merritt,randythompson@example.com
UID634,Robert Anderson,donald92@example.net
UID635,Christopher Garcia,swiley@example.org
UID636,Brenda Duncan,william39@example.net
UID637,Samuel Smith,lisa90@example.net
UID638,Kimberly Hodge,vmorgan@example.org
UID639,Anthony Martinez,mark38@example.org
UID640,Kayla Ho,ryanrivera@example.com
UID641,Cheryl Richardson,savannahdavis@example.org
UID642,Jeff Williams,feliciawilliams@example.net
UID643,Christina Hall,brenthernandez@example.com
UID644,Edward Higgins,kimjasmine@example.org
UID645,Danny Pierce,whitejoe@example.com
UID646,Kristopher Ruiz,frios@example.org
UID647,Jesus Hood,clayjustin@example.org
UID648,Maurice Walsh,christine25@example.org
UID649,Janet Ortiz,frederickreed@example.net
UID650,Marie Frye,frankkaiser@example.net
UID651,Brooke Swanson,elliselizabeth@example.net
UID652,Ashley Nunez,kristinarichards@example.net
UID653,Joseph Coleman,destiny19@example.com
UID654,Frank Peterson,kristinalee@example.org
UID655,Kaitlyn Schneider,craigwilson@example.com
UID656,Timothy Cherry,johnsondonna@example.com
UID657,Chelsea Boyd,toddyvette@example.org
UID658,Karen Hayes,daviskristy@example.net
UID659,Joseph Rivers,angelamendoza@example.com
UID660,Diana Stevens,lisagonzales@example.net
UID661,Brenda Simpson,bbush@example.org
UID662,Amber Morrow,crawfordchristopher@example.org
UID663,Brett Gonzales,irwinmatthew@example.net
UID664,George Williams,rogersashley@example.net
UID665,Katherine Barrett,bdaniels@example.net
UID666,Pam Garza,jessica46@example.net
UID667,Zachary Williams,natasha62@example.net
UID668,Corey Berry,ylee@example.com
UID669,Amy Black,lanekevin@example.com
UID670,George Salazar,jerry49@example.net
UID671,Nathan Porter,juanmckenzie@example.org
UID672,Justin Strong,leesosa@example.net
UID673,Pamela Valdez,lopezemily@example.net
UID674,Karen Myers,kelly99@example.org
UID675,Amanda Palmer,nathan27@example.org
UID676,Betty Patel,phillipspaula@example.net
UID677,Timothy Lowe DDS,imills@example.org
UID678,Daryl Hernandez,jennifer57@example.com
UID679,Jesse Reynolds,anthony57@example.net
UID680,Tina Sanders,christopher82@example.org
UID681,Amanda Montgomery,sanfordfelicia@example.com
UID682,Daniel Higgins,bowmanmelissa@example.org
UID683,Megan Maddox,vbell@example.com
UID684,Erica Wilson,brianna41@example.com
UID685,Jonathan Young,chris93@example.org
UID686,Leslie Bell,davisdavid@example.org
UID687,Kyle Owens,jacobssamuel@example.net
UID688,Krystal Stein,hollowaykelly@example.org
UID689,Jacqueline Rodriguez,asalazar@example.org
UID690,Madison Becker,chapmanrandall@example.net
UID691,Cody Hansen,amberwilson@example.com
UID692,Scott Adkins,iowen@example.net
UID693,Mark Thomas,toddcabrera@example.org
UID694,Jason Stafford,nicolemarks@example.org
UID695,Jennifer Hernandez,erikabennett@example.com
UID696,Thomas Hurley,lauren83@example.org
UID697,Brian Anderson,hfoster@example.com
UID698,Lisa Herring,tbradley@example.org
UID699,Cassandra Drake,dannytaylor@example.com
UID700,Edwin Gaines,douglas40@example.org
UID701,Michael Henderson,jack69@example.com
UID702,Jacqueline Ballard,jessicatyler@example.com
UID703,Patrick Davidson,webbdaniel@example.org
UID704,Vanessa Maldonado,mariathompson@example.org
UID705,Alan Vasquez,tiffanywolfe@example.org
UID706,Kevin Taylor,odonnellronald@example.org
UID707,Kimberly Carter,masonterri@example.net
UID708,David Saunders,yjackson@example.net
UID709,Linda Sosa,michaelcastillo@example.net
UID710,Samantha Vasquez,ypark@example.com
UID711,Angel Ramirez,pwagner@example.net
UID712,Anthony Hernandez,william32@example.com
UID713,Michael Hernandez,parkerchristopher@example.net
UID714,Jordan Hamilton,smithmichael@example.org
UID715,Nancy Wagner,benjamindawson@example.com
UID716,Noah Stanley,tpatterson@example.org
UID717,Amanda Gross,charles05@example.net
UID718,Scott Jarvis,catherine43@example.org
UID719,Patricia Martin,gregorychavez@example.org
UID720,Derek Roberts,shane54@example.org
UID721,Bonnie Brady,jonathan23@example.org
UID722,Sally Rosario,fcoffey@example.com
UID723,Robert Mcpherson,mariowagner@example.org
UID724,Ryan Ortiz,cdickerson@example.org
UID725,Stacy Brooks,xwilliams@example.org
UID726,Abigail Cain,rsweeney@example.net
UID727,Karina Cochran,maria92@example.net
UID728,Jesus Ballard,christine61@example.com
UID729,Rachael Rogers,joshua16@example.net
UID730,Jennifer Shields,josephjohnson@example.net
UID731,Kim Schmidt,mjackson@example.org
UID732,Meredith Washington,garciaalexander@example.net
UID733,Mathew Meza,ekennedy@example.com
UID734,Erica Alexander,lopezamanda@example.net
UID735,Jeffrey Nelson,johnmartin@example.com
UID736,James Soto,chandebbie@example.org
UID737,Patrick Bentley,joannehale@example.net
UID738,Steven Evans,jenkinsbrittany@example.com
UID739,Chad Poole,travisrandolph@example.com
UID740,Sherry Ramirez,adamsamber@example.net
UID741,Jack Garza,wwhitney@example.com
UID742,Jose Haynes,huntermyers@example.com
UID743,Richard Myers,vbrown@example.org
UID744,Matthew Proctor,pricejackie@example.net
UID745,Patricia Campbell,dianabeck@example.org
UID746,Nicole Ortiz,ahuffman@example.org
UID747,Robin Nguyen,lechristine@example.com
UID748,Susan Sheppard,waltonjulie@example.com
UID749,Megan Ross,harriskevin@example.org
UID750,April Carter,nataliewallace@example.org
UID751,Deborah Ewing,matthew39@example.com
UID752,Melissa Scott,melissa76@example.net
UID753,Jordan Yoder,rebecca95@example.com
UID754,Amber Smith,woodsjonathan@example.com
UID755,Cynthia Parker,ejones@example.org
UID756,David Peterson,vpena@example.org
UID757,Victoria Patrick,melissaoneal@example.org
UID758,Angela Palmer MD,joseph98@example.com
UID759,Natalie Castillo,xhunter@example.org
UID760,Katie Fletcher,emilypotts@example.com
UID761,Christopher Mooney,dwolfe@example.com
UID762,Anthony Smith,sthompson@example.net
UID763,Sandra Hendricks,christina25@example.org
UID764,Jon Ayala,vstanley@example.net
UID765,Monique Berry,jeffrey56@example.org
UID766,Stephen Sullivan,fostermelissa@example.org
UID767,Lauren Ruiz,buckleychristina@example.org
UID768,Austin Barton,michael92@example.net
UID769,Todd Gallegos,christopherjones@example.net
UID770,Rachel Smith,trevorrodgers@example.net
UID771,John Mccall,ericamckinney@example.org
UID772,Kathleen Smith,phillipsjason@example.com
UID773,Monica Jennings,brittanywagner@example.org
UID774,John Edwards,ihudson@example.net
UID775,William Ramos,jamesfisher@example.com
UID776,Luis Green,wrightmelissa@example.com
UID777,Daniel Martin,melissa44@example.org
UID778,Kathryn Collier,bergangela@example.net
UID779,Erin Martinez,reedjoseph@example.com
UID780,Mrs. Jessica Rivera MD,kimberly00@example.net
UID781,Rachel Smith,santiagoamy@example.org
UID782,Steven Green,elizabethdavis@example.net
UID783,Mary Arnold,laura55@example.org
UID784,Pamela James,romerodale@example.net
UID785,Heather Maddox,scott61@example.com
UID786,Joshua Cruz,anthonyaguirre@example.org
UID787,Gloria Williams,sarah60@example.com
UID788,Mary Barrera,stephengarrett@example.com
UID789,Richard Cunningham,harveystephen@example.com
UID790,Caleb Santana,rhondasmith@example.org
UID791,Gary Armstrong,mckenziejesse@example.net
UID792,Martha Davis,gibsonsteven@example.net
UID793,Taylor Olson,amy56@example.org
UID794,Sandra Humphrey,perrygary@example.net
UID795,Laura Marsh,cgoodman@example.org
UID796,Beth Nelson,melissa68@example.com
UID797,Erika Webster,bkane@example.org
UID798,Jennifer Christensen,victoria38@example.com
UID799,Cindy Ryan,jessicawilson@example.net
UID800,Adam Collins,torresheather@example.org
